-- MySQL dump 10.13  Distrib 8.0.38, for Win64 (x86_64)
--
-- Host: j11d201.p.ssafy.io    Database: goodshot
-- ------------------------------------------------------
-- Server version	9.0.1

/*!40101 SET @OLD_CHARACTER_SET_CLIENT=@@CHARACTER_SET_CLIENT */;
/*!40101 SET @OLD_CHARACTER_SET_RESULTS=@@CHARACTER_SET_RESULTS */;
/*!40101 SET @OLD_COLLATION_CONNECTION=@@COLLATION_CONNECTION */;
/*!50503 SET NAMES utf8 */;
/*!40103 SET @OLD_TIME_ZONE=@@TIME_ZONE */;
/*!40103 SET TIME_ZONE='+00:00' */;
/*!40014 SET @OLD_UNIQUE_CHECKS=@@UNIQUE_CHECKS, UNIQUE_CHECKS=0 */;
/*!40014 SET @OLD_FOREIGN_KEY_CHECKS=@@FOREIGN_KEY_CHECKS, FOREIGN_KEY_CHECKS=0 */;
/*!40101 SET @OLD_SQL_MODE=@@SQL_MODE, SQL_MODE='NO_AUTO_VALUE_ON_ZERO' */;
/*!40111 SET @OLD_SQL_NOTES=@@SQL_NOTES, SQL_NOTES=0 */;

--
-- Table structure for table `comment`
--

DROP TABLE IF EXISTS `comment`;
/*!40101 SET @saved_cs_client     = @@character_set_client */;
/*!50503 SET character_set_client = utf8mb4 */;
CREATE TABLE `comment` (
  `id` bigint NOT NULL AUTO_INCREMENT,
  `swing_id` bigint NOT NULL,
  `pose_type` varchar(10) NOT NULL,
  `comment_type` varchar(10) NOT NULL,
  `content` varchar(255) NOT NULL,
  PRIMARY KEY (`id`),
  KEY `swing_id` (`swing_id`),
  CONSTRAINT `comment_ibfk_1` FOREIGN KEY (`swing_id`) REFERENCES `swing` (`id`)
) ENGINE=InnoDB AUTO_INCREMENT=599 DEFAULT CHARSET=utf8mb4 COLLATE=utf8mb4_0900_ai_ci;
/*!40101 SET character_set_client = @saved_cs_client */;

--
-- Dumping data for table `comment`
--

LOCK TABLES `comment` WRITE;
/*!40000 ALTER TABLE `comment` DISABLE KEYS */;
INSERT INTO `comment` VALUES (84,19,'BACK','NICE','머리 위치가 잘 고정되어 있습니다.'),(85,19,'BACK','NICE','골반 회전이 적절합니다.'),(86,19,'BACK','BAD','왼팔이 안쪽으로 구부러져 있습니다.'),(87,19,'BACK','NICE','무릎 이동이 부드럽게 잘 되고 있습니다.'),(88,19,'BACK','NICE','앞발이 지면에 잘 고정되어 있습니다.'),(89,19,'DOWN','NICE','머리 위치가 잘 고정되어 있습니다.'),(90,19,'DOWN','NICE','골반 높이가 잘 유지되고 있습니다.'),(91,19,'DOWN','NICE','임팩트 시 손 높이가 준비 자세와 일치합니다.'),(92,19,'DOWN','NICE','무릎 이동이 부드럽게 잘 되고 있습니다.'),(93,19,'DOWN','BAD','임팩트 시 머리 위치가 공보다 앞쪽에 있습니다.'),(114,22,'BACK','NICE','머리 위치가 잘 고정되어 있습니다.'),(115,22,'BACK','NICE','골반 회전이 적절합니다.'),(116,22,'BACK','NICE','왼팔이 잘 펴져 있습니다.'),(117,22,'BACK','NICE','무릎 이동이 부드럽게 잘 되고 있습니다.'),(118,22,'BACK','NICE','앞발이 지면에 잘 고정되어 있습니다.'),(119,22,'DOWN','BAD','머리 위치가 오른쪽으로 치우쳐 있습니다.'),(120,22,'DOWN','NICE','골반 높이가 잘 유지되고 있습니다.'),(121,22,'DOWN','NICE','임팩트 시 손 높이가 준비 자세와 일치합니다.'),(122,22,'DOWN','NICE','무릎 이동이 부드럽게 잘 되고 있습니다.'),(123,22,'DOWN','BAD','임팩트 시 머리 위치가 공보다 앞쪽에 있습니다.'),(144,25,'BACK','NICE','머리 위치가 잘 고정되어 있습니다.'),(145,25,'BACK','NICE','골반 회전이 적절합니다.'),(146,25,'BACK','NICE','왼팔이 잘 펴져 있습니다.'),(147,25,'BACK','NICE','무릎 이동이 부드럽게 잘 되고 있습니다.'),(148,25,'BACK','NICE','앞발이 지면에 잘 고정되어 있습니다.'),(149,25,'DOWN','BAD','머리 위치가 오른쪽으로 치우쳐 있습니다.'),(150,25,'DOWN','NICE','골반 높이가 잘 유지되고 있습니다.'),(151,25,'DOWN','NICE','임팩트 시 손 높이가 준비 자세와 일치합니다.'),(152,25,'DOWN','NICE','무릎 이동이 부드럽게 잘 되고 있습니다.'),(153,25,'DOWN','NICE','임팩트 시 머리 위치가 적절합니다.'),(164,27,'BACK','NICE','머리 위치가 잘 고정되어 있습니다.'),(165,27,'BACK','NICE','골반 회전이 적절합니다.'),(166,27,'BACK','BAD','왼팔이 안쪽으로 구부러져 있습니다.'),(167,27,'BACK','NICE','무릎 이동이 부드럽게 잘 되고 있습니다.'),(168,27,'BACK','NICE','앞발이 지면에 잘 고정되어 있습니다.'),(169,27,'DOWN','NICE','머리 위치가 잘 고정되어 있습니다.'),(170,27,'DOWN','NICE','골반 높이가 잘 유지되고 있습니다.'),(171,27,'DOWN','NICE','임팩트 시 손 높이가 준비 자세와 일치합니다.'),(172,27,'DOWN','BAD','왼쪽 무릎으로의 체중 이동이 잘되지 않고 있습니다.'),(173,27,'DOWN','BAD','임팩트 시 머리 위치가 공보다 앞쪽에 있습니다.'),(174,28,'BACK','NICE','머리 위치가 잘 고정되어 있습니다.'),(175,28,'BACK','NICE','골반 회전이 적절합니다.'),(176,28,'BACK','NICE','왼팔이 잘 펴져 있습니다.'),(177,28,'BACK','NICE','무릎 이동이 부드럽게 잘 되고 있습니다.'),(178,28,'BACK','NICE','앞발이 지면에 잘 고정되어 있습니다.'),(179,28,'DOWN','NICE','머리 위치가 잘 고정되어 있습니다.'),(180,28,'DOWN','NICE','골반 높이가 잘 유지되고 있습니다.'),(181,28,'DOWN','NICE','임팩트 시 손 높이가 준비 자세와 일치합니다.'),(182,28,'DOWN','BAD','왼쪽 무릎으로의 체중 이동이 잘되지 않고 있습니다.'),(183,28,'DOWN','BAD','임팩트 시 머리 위치가 공보다 앞쪽에 있습니다.'),(184,29,'BACK','NICE','머리 위치가 잘 고정되어 있습니다.'),(185,29,'BACK','NICE','골반 회전이 적절합니다.'),(186,29,'BACK','NICE','왼팔이 잘 펴져 있습니다.'),(187,29,'BACK','NICE','무릎 이동이 부드럽게 잘 되고 있습니다.'),(188,29,'BACK','NICE','앞발이 지면에 잘 고정되어 있습니다.'),(189,29,'DOWN','NICE','머리 위치가 잘 고정되어 있습니다.'),(190,29,'DOWN','NICE','골반 높이가 잘 유지되고 있습니다.'),(191,29,'DOWN','NICE','임팩트 시 손 높이가 준비 자세와 일치합니다.'),(192,29,'DOWN','BAD','왼쪽 무릎으로의 체중 이동이 잘되지 않고 있습니다.'),(193,29,'DOWN','BAD','임팩트 시 머리 위치가 공보다 앞쪽에 있습니다.'),(194,30,'BACK','NICE','머리 위치가 잘 고정되어 있습니다.'),(195,30,'BACK','NICE','골반 회전이 적절합니다.'),(196,30,'BACK','NICE','왼팔이 잘 펴져 있습니다.'),(197,30,'BACK','NICE','무릎 이동이 부드럽게 잘 되고 있습니다.'),(198,30,'BACK','NICE','앞발이 지면에 잘 고정되어 있습니다.'),(199,30,'DOWN','BAD','머리 위치가 오른쪽으로 치우쳐 있습니다.'),(200,30,'DOWN','NICE','골반 높이가 잘 유지되고 있습니다.'),(201,30,'DOWN','NICE','임팩트 시 손 높이가 준비 자세와 일치합니다.'),(202,30,'DOWN','BAD','왼쪽 무릎으로의 체중 이동이 잘되지 않고 있습니다.'),(203,30,'DOWN','BAD','임팩트 시 머리 위치가 공보다 앞쪽에 있습니다.'),(204,31,'BACK','NICE','머리 위치가 잘 고정되어 있습니다.'),(205,31,'BACK','NICE','골반 회전이 적절합니다.'),(206,31,'BACK','NICE','왼팔이 잘 펴져 있습니다.'),(207,31,'BACK','NICE','무릎 이동이 부드럽게 잘 되고 있습니다.'),(208,31,'BACK','NICE','앞발이 지면에 잘 고정되어 있습니다.'),(209,31,'DOWN','NICE','머리 위치가 잘 고정되어 있습니다.'),(210,31,'DOWN','NICE','골반 높이가 잘 유지되고 있습니다.'),(211,31,'DOWN','NICE','임팩트 시 손 높이가 준비 자세와 일치합니다.'),(212,31,'DOWN','BAD','왼쪽 무릎으로의 체중 이동이 잘되지 않고 있습니다.'),(213,31,'DOWN','BAD','임팩트 시 머리 위치가 공보다 앞쪽에 있습니다.'),(214,32,'BACK','NICE','머리 위치가 잘 고정되어 있습니다.'),(215,32,'BACK','NICE','골반 회전이 적절합니다.'),(216,32,'BACK','NICE','왼팔이 잘 펴져 있습니다.'),(217,32,'BACK','NICE','무릎 이동이 부드럽게 잘 되고 있습니다.'),(218,32,'BACK','NICE','앞발이 지면에 잘 고정되어 있습니다.'),(219,32,'DOWN','NICE','머리 위치가 잘 고정되어 있습니다.'),(220,32,'DOWN','NICE','골반 높이가 잘 유지되고 있습니다.'),(221,32,'DOWN','NICE','임팩트 시 손 높이가 준비 자세와 일치합니다.'),(222,32,'DOWN','BAD','왼쪽 무릎으로의 체중 이동이 잘되지 않고 있습니다.'),(223,32,'DOWN','BAD','임팩트 시 머리 위치가 공보다 앞쪽에 있습니다.'),(224,33,'BACK','NICE','머리 위치가 잘 고정되어 있습니다.'),(225,33,'BACK','NICE','골반 회전이 적절합니다.'),(226,33,'BACK','NICE','왼팔이 잘 펴져 있습니다.'),(227,33,'BACK','NICE','무릎 이동이 부드럽게 잘 되고 있습니다.'),(228,33,'BACK','NICE','앞발이 지면에 잘 고정되어 있습니다.'),(229,33,'DOWN','NICE','머리 위치가 잘 고정되어 있습니다.'),(230,33,'DOWN','NICE','골반 높이가 잘 유지되고 있습니다.'),(231,33,'DOWN','NICE','임팩트 시 손 높이가 준비 자세와 일치합니다.'),(232,33,'DOWN','BAD','왼쪽 무릎으로의 체중 이동이 잘되지 않고 있습니다.'),(233,33,'DOWN','NICE','임팩트 시 머리 위치가 적절합니다.'),(234,34,'BACK','NICE','머리 위치가 잘 고정되어 있습니다.'),(235,34,'BACK','NICE','골반 회전이 적절합니다.'),(236,34,'BACK','NICE','왼팔이 잘 펴져 있습니다.'),(237,34,'BACK','NICE','무릎 이동이 부드럽게 잘 되고 있습니다.'),(238,34,'BACK','NICE','앞발이 지면에 잘 고정되어 있습니다.'),(239,34,'DOWN','NICE','머리 위치가 잘 고정되어 있습니다.'),(240,34,'DOWN','NICE','골반 높이가 잘 유지되고 있습니다.'),(241,34,'DOWN','NICE','임팩트 시 손 높이가 준비 자세와 일치합니다.'),(242,34,'DOWN','NICE','무릎 이동이 부드럽게 잘 되고 있습니다.'),(243,34,'DOWN','BAD','임팩트 시 머리 위치가 공보다 앞쪽에 있습니다.'),(244,35,'BACK','NICE','머리 위치가 잘 고정되어 있습니다.'),(245,35,'BACK','NICE','골반 회전이 적절합니다.'),(246,35,'BACK','NICE','왼팔이 잘 펴져 있습니다.'),(247,35,'BACK','NICE','무릎 이동이 부드럽게 잘 되고 있습니다.'),(248,35,'BACK','NICE','앞발이 지면에 잘 고정되어 있습니다.'),(249,35,'DOWN','BAD','머리 위치가 오른쪽으로 치우쳐 있습니다.'),(250,35,'DOWN','NICE','골반 높이가 잘 유지되고 있습니다.'),(251,35,'DOWN','NICE','임팩트 시 손 높이가 준비 자세와 일치합니다.'),(252,35,'DOWN','BAD','왼쪽 무릎으로의 체중 이동이 잘되지 않고 있습니다.'),(253,35,'DOWN','BAD','임팩트 시 머리 위치가 공보다 앞쪽에 있습니다.'),(274,38,'BACK','NICE','무릎 이동이 부드럽게 잘 되고 있습니다.'),(275,38,'BACK','NICE','앞발이 지면에 잘 고정되어 있습니다.'),(276,38,'BACK','BAD','왼팔이 안쪽으로 구부러져 있습니다.'),(277,38,'BACK','NICE','머리 위치가 잘 고정되어 있습니다.'),(278,38,'DOWN','BAD','머리 위치가 왼쪽으로 치우쳐 있습니다.'),(279,38,'DOWN','NICE','골반 높이가 잘 유지되고 있습니다.'),(280,38,'DOWN','NICE','임팩트 시 손 높이가 준비 자세와 일치합니다.'),(281,38,'DOWN','NICE','무릎 이동이 부드럽게 잘 되고 있습니다.'),(282,38,'DOWN','NICE','임팩트 시 머리 위치가 적절합니다.'),(283,39,'BACK','BAD','왼팔이 안쪽으로 구부러져 있습니다.'),(284,39,'BACK','NICE','골반 회전이 적절합니다.'),(285,39,'BACK','NICE','무릎 이동이 부드럽게 잘 되고 있습니다.'),(286,39,'BACK','NICE','앞발이 지면에 잘 고정되어 있습니다.'),(287,39,'DOWN','NICE','임팩트 시 손 높이가 준비 자세와 일치합니다.'),(288,39,'DOWN','NICE','임팩트 시 머리 위치가 적절합니다.'),(289,39,'DOWN','NICE','무릎 이동이 부드럽게 잘 되고 있습니다.'),(290,39,'DOWN','NICE','골반 높이가 잘 유지되고 있습니다.'),(291,39,'DOWN','BAD','머리 위치가 아래쪽으로 치우쳐 있습니다.'),(326,44,'BACK','NICE','왼팔이 잘 펴져 있습니다.'),(327,44,'BACK','NICE','무릎 이동이 부드럽게 잘 되고 있습니다.'),(328,44,'BACK','BAD','머리 위치가 왼쪽으로 치우쳐 있습니다.'),(329,44,'BACK','NICE','앞발이 지면에 잘 고정되어 있습니다.'),(330,44,'BACK','NICE','골반 회전이 적절합니다.'),(331,44,'DOWN','NICE','골반 높이가 잘 유지되고 있습니다.'),(332,44,'DOWN','NICE','임팩트 시 손 높이가 준비 자세와 일치합니다.'),(333,44,'DOWN','NICE','무릎 이동이 부드럽게 잘 되고 있습니다.'),(334,44,'DOWN','NICE','임팩트 시 머리 위치가 적절합니다.'),(335,44,'DOWN','BAD','머리 위치가 오른쪽으로 치우쳐 있습니다.'),(336,45,'BACK','NICE','무릎 이동이 부드럽게 잘 되고 있습니다.'),(337,45,'DOWN','BAD','머리 위치가 오른쪽으로 치우쳐 있습니다.'),(338,45,'DOWN','NICE','임팩트 시 손 높이가 준비 자세와 일치합니다.'),(339,46,'BACK','BAD','머리 위치가 왼쪽으로 치우쳐 있습니다.'),(340,46,'BACK','NICE','골반 회전이 적절합니다.'),(341,46,'BACK','NICE','왼팔이 잘 펴져 있습니다.'),(342,46,'BACK','NICE','무릎 이동이 부드럽게 잘 되고 있습니다.'),(343,46,'BACK','NICE','앞발이 지면에 잘 고정되어 있습니다.'),(344,46,'DOWN','BAD','머리 위치가 오른쪽으로 치우쳐 있습니다.'),(345,46,'DOWN','NICE','골반 높이가 잘 유지되고 있습니다.'),(346,46,'DOWN','NICE','임팩트 시 손 높이가 준비 자세와 일치합니다.'),(347,46,'DOWN','NICE','무릎 이동이 부드럽게 잘 되고 있습니다.'),(348,46,'DOWN','NICE','임팩트 시 머리 위치가 적절합니다.'),(349,47,'BACK','NICE','머리 위치가 잘 고정되어 있습니다.'),(350,47,'BACK','NICE','골반 회전이 적절합니다.'),(351,47,'BACK','NICE','왼팔이 잘 펴져 있습니다.'),(352,47,'BACK','NICE','무릎 이동이 부드럽게 잘 되고 있습니다.'),(353,47,'BACK','NICE','앞발이 지면에 잘 고정되어 있습니다.'),(354,47,'DOWN','BAD','머리 위치가 오른쪽으로 치우쳐 있습니다.'),(355,47,'DOWN','NICE','골반 높이가 잘 유지되고 있습니다.'),(356,47,'DOWN','NICE','임팩트 시 손 높이가 준비 자세와 일치합니다.'),(357,47,'DOWN','NICE','무릎 이동이 부드럽게 잘 되고 있습니다.'),(358,47,'DOWN','NICE','임팩트 시 머리 위치가 적절합니다.'),(359,48,'BACK','BAD','머리 위치가 왼쪽으로 치우쳐 있습니다.'),(360,48,'BACK','NICE','골반 회전이 적절합니다.'),(361,48,'BACK','BAD','왼팔이 안쪽으로 구부러져 있습니다.'),(362,48,'BACK','NICE','무릎 이동이 부드럽게 잘 되고 있습니다.'),(363,48,'BACK','NICE','앞발이 지면에 잘 고정되어 있습니다.'),(364,48,'DOWN','BAD','머리 위치가 오른쪽으로 치우쳐 있습니다.'),(365,48,'DOWN','NICE','골반 높이가 잘 유지되고 있습니다.'),(366,48,'DOWN','NICE','임팩트 시 손 높이가 준비 자세와 일치합니다.'),(367,48,'DOWN','NICE','무릎 이동이 부드럽게 잘 되고 있습니다.'),(368,48,'DOWN','BAD','임팩트 시 머리 위치가 공보다 앞쪽에 있습니다.'),(369,49,'BACK','BAD','머리 위치가 왼쪽으로 치우쳐 있습니다.'),(370,49,'BACK','NICE','골반 회전이 적절합니다.'),(371,49,'BACK','NICE','왼팔이 잘 펴져 있습니다.'),(372,49,'BACK','NICE','무릎 이동이 부드럽게 잘 되고 있습니다.'),(373,49,'BACK','NICE','앞발이 지면에 잘 고정되어 있습니다.'),(374,49,'DOWN','BAD','머리 위치가 오른쪽으로 치우쳐 있습니다.'),(375,49,'DOWN','NICE','골반 높이가 잘 유지되고 있습니다.'),(376,49,'DOWN','NICE','임팩트 시 손 높이가 준비 자세와 일치합니다.'),(377,49,'DOWN','NICE','무릎 이동이 부드럽게 잘 되고 있습니다.'),(378,49,'DOWN','NICE','임팩트 시 머리 위치가 적절합니다.'),(379,50,'BACK','NICE','머리 위치가 잘 고정되어 있습니다.'),(380,50,'BACK','NICE','골반 회전이 적절합니다.'),(381,50,'BACK','BAD','왼팔이 안쪽으로 구부러져 있습니다.'),(382,50,'BACK','NICE','무릎 이동이 부드럽게 잘 되고 있습니다.'),(383,50,'BACK','NICE','앞발이 지면에 잘 고정되어 있습니다.'),(384,50,'DOWN','BAD','머리 위치가 오른쪽으로 치우쳐 있습니다.'),(385,50,'DOWN','NICE','골반 높이가 잘 유지되고 있습니다.'),(386,50,'DOWN','NICE','임팩트 시 손 높이가 준비 자세와 일치합니다.'),(387,50,'DOWN','NICE','무릎 이동이 부드럽게 잘 되고 있습니다.'),(388,50,'DOWN','NICE','임팩트 시 머리 위치가 적절합니다.'),(389,51,'BACK','NICE','머리 위치가 잘 고정되어 있습니다.'),(390,51,'BACK','NICE','골반 회전이 적절합니다.'),(391,51,'BACK','NICE','왼팔이 잘 펴져 있습니다.'),(392,51,'BACK','BAD','오른쪽 무릎으로의 체중 이동이 잘되지 않고 있습니다.'),(393,51,'BACK','NICE','앞발이 지면에 잘 고정되어 있습니다.'),(394,51,'DOWN','BAD','머리 위치가 오른쪽으로 치우쳐 있습니다.'),(395,51,'DOWN','NICE','골반 높이가 잘 유지되고 있습니다.'),(396,51,'DOWN','NICE','임팩트 시 손 높이가 준비 자세와 일치합니다.'),(397,51,'DOWN','BAD','왼쪽 무릎으로의 체중 이동이 잘되지 않고 있습니다.'),(398,51,'DOWN','BAD','임팩트 시 머리 위치가 공보다 앞쪽에 있습니다.'),(399,52,'BACK','NICE','머리 위치가 잘 고정되어 있습니다.'),(400,52,'BACK','NICE','골반 회전이 적절합니다.'),(401,52,'BACK','NICE','왼팔이 잘 펴져 있습니다.'),(402,52,'BACK','NICE','무릎 이동이 부드럽게 잘 되고 있습니다.'),(403,52,'BACK','NICE','앞발이 지면에 잘 고정되어 있습니다.'),(404,52,'DOWN','BAD','머리 위치가 오른쪽으로 치우쳐 있습니다.'),(405,52,'DOWN','NICE','골반 높이가 잘 유지되고 있습니다.'),(406,52,'DOWN','NICE','임팩트 시 손 높이가 준비 자세와 일치합니다.'),(407,52,'DOWN','NICE','무릎 이동이 부드럽게 잘 되고 있습니다.'),(408,52,'DOWN','BAD','임팩트 시 머리 위치가 공보다 앞쪽에 있습니다.'),(409,53,'BACK','BAD','머리 위치가 왼쪽으로 치우쳐 있습니다.'),(410,53,'BACK','NICE','골반 회전이 적절합니다.'),(411,53,'BACK','NICE','왼팔이 잘 펴져 있습니다.'),(412,53,'BACK','NICE','무릎 이동이 부드럽게 잘 되고 있습니다.'),(413,53,'BACK','NICE','앞발이 지면에 잘 고정되어 있습니다.'),(414,53,'DOWN','BAD','머리 위치가 오른쪽으로 치우쳐 있습니다.'),(415,53,'DOWN','NICE','골반 높이가 잘 유지되고 있습니다.'),(416,53,'DOWN','NICE','임팩트 시 손 높이가 준비 자세와 일치합니다.'),(417,53,'DOWN','NICE','무릎 이동이 부드럽게 잘 되고 있습니다.'),(418,53,'DOWN','NICE','임팩트 시 머리 위치가 적절합니다.'),(419,54,'BACK','BAD','머리 위치가 왼쪽으로 치우쳐 있습니다.'),(420,54,'BACK','NICE','골반 회전이 적절합니다.'),(421,54,'BACK','NICE','왼팔이 잘 펴져 있습니다.'),(422,54,'BACK','NICE','무릎 이동이 부드럽게 잘 되고 있습니다.'),(423,54,'BACK','NICE','앞발이 지면에 잘 고정되어 있습니다.'),(424,54,'DOWN','BAD','머리 위치가 오른쪽으로 치우쳐 있습니다.'),(425,54,'DOWN','NICE','골반 높이가 잘 유지되고 있습니다.'),(426,54,'DOWN','NICE','임팩트 시 손 높이가 준비 자세와 일치합니다.'),(427,54,'DOWN','NICE','무릎 이동이 부드럽게 잘 되고 있습니다.'),(428,54,'DOWN','NICE','임팩트 시 머리 위치가 적절합니다.'),(429,55,'BACK','NICE','머리 위치가 잘 고정되어 있습니다.'),(430,55,'BACK','NICE','골반 회전이 적절합니다.'),(431,55,'BACK','NICE','왼팔이 잘 펴져 있습니다.'),(432,55,'BACK','NICE','무릎 이동이 부드럽게 잘 되고 있습니다.'),(433,55,'BACK','NICE','앞발이 지면에 잘 고정되어 있습니다.'),(434,55,'DOWN','BAD','머리 위치가 오른쪽으로 치우쳐 있습니다.'),(435,55,'DOWN','NICE','골반 높이가 잘 유지되고 있습니다.'),(436,55,'DOWN','NICE','임팩트 시 손 높이가 준비 자세와 일치합니다.'),(437,55,'DOWN','BAD','왼쪽 무릎으로의 체중 이동이 잘되지 않고 있습니다.'),(438,55,'DOWN','NICE','임팩트 시 머리 위치가 적절합니다.'),(439,56,'BACK','BAD','머리 위치가 왼쪽으로 치우쳐 있습니다.'),(440,56,'BACK','NICE','골반 회전이 적절합니다.'),(441,56,'BACK','BAD','왼팔이 안쪽으로 구부러져 있습니다.'),(442,56,'BACK','NICE','무릎 이동이 부드럽게 잘 되고 있습니다.'),(443,56,'BACK','NICE','앞발이 지면에 잘 고정되어 있습니다.'),(444,56,'DOWN','BAD','머리 위치가 오른쪽으로 치우쳐 있습니다.'),(445,56,'DOWN','NICE','골반 높이가 잘 유지되고 있습니다.'),(446,56,'DOWN','NICE','임팩트 시 손 높이가 준비 자세와 일치합니다.'),(447,56,'DOWN','BAD','왼쪽 무릎으로의 체중 이동이 잘되지 않고 있습니다.'),(448,56,'DOWN','NICE','임팩트 시 머리 위치가 적절합니다.'),(449,57,'BACK','BAD','머리 위치가 왼쪽으로 치우쳐 있습니다.'),(450,57,'BACK','NICE','골반 회전이 적절합니다.'),(451,57,'BACK','BAD','왼팔이 안쪽으로 구부러져 있습니다.'),(452,57,'BACK','NICE','무릎 이동이 부드럽게 잘 되고 있습니다.'),(453,57,'BACK','NICE','앞발이 지면에 잘 고정되어 있습니다.'),(454,57,'DOWN','BAD','머리 위치가 오른쪽으로 치우쳐 있습니다.'),(455,57,'DOWN','NICE','골반 높이가 잘 유지되고 있습니다.'),(456,57,'DOWN','NICE','임팩트 시 손 높이가 준비 자세와 일치합니다.'),(457,57,'DOWN','BAD','왼쪽 무릎으로의 체중 이동이 잘되지 않고 있습니다.'),(458,57,'DOWN','NICE','임팩트 시 머리 위치가 적절합니다.'),(459,58,'BACK','BAD','머리 위치가 왼쪽으로 치우쳐 있습니다.'),(460,58,'BACK','NICE','골반 회전이 적절합니다.'),(461,58,'BACK','NICE','왼팔이 잘 펴져 있습니다.'),(462,58,'BACK','NICE','무릎 이동이 부드럽게 잘 되고 있습니다.'),(463,58,'BACK','NICE','앞발이 지면에 잘 고정되어 있습니다.'),(464,58,'DOWN','BAD','머리 위치가 오른쪽으로 치우쳐 있습니다.'),(465,58,'DOWN','NICE','골반 높이가 잘 유지되고 있습니다.'),(466,58,'DOWN','NICE','임팩트 시 손 높이가 준비 자세와 일치합니다.'),(467,58,'DOWN','NICE','무릎 이동이 부드럽게 잘 되고 있습니다.'),(468,58,'DOWN','BAD','임팩트 시 머리 위치가 공보다 앞쪽에 있습니다.'),(469,59,'BACK','BAD','머리 위치가 왼쪽으로 치우쳐 있습니다.'),(470,59,'BACK','NICE','골반 회전이 적절합니다.'),(471,59,'BACK','NICE','왼팔이 잘 펴져 있습니다.'),(472,59,'BACK','NICE','무릎 이동이 부드럽게 잘 되고 있습니다.'),(473,59,'BACK','NICE','앞발이 지면에 잘 고정되어 있습니다.'),(474,59,'DOWN','BAD','머리 위치가 오른쪽으로 치우쳐 있습니다.'),(475,59,'DOWN','NICE','골반 높이가 잘 유지되고 있습니다.'),(476,59,'DOWN','NICE','임팩트 시 손 높이가 준비 자세와 일치합니다.'),(477,59,'DOWN','BAD','왼쪽 무릎으로의 체중 이동이 잘되지 않고 있습니다.'),(478,59,'DOWN','BAD','임팩트 시 머리 위치가 공보다 앞쪽에 있습니다.'),(479,60,'BACK','NICE','머리 위치가 잘 고정되어 있습니다.'),(480,60,'BACK','NICE','골반 회전이 적절합니다.'),(481,60,'BACK','BAD','왼팔이 안쪽으로 구부러져 있습니다.'),(482,60,'BACK','NICE','무릎 이동이 부드럽게 잘 되고 있습니다.'),(483,60,'BACK','BAD','탑 스윙에서 앞발이 들려 있습니다.'),(484,60,'DOWN','BAD','머리 위치가 오른쪽으로 치우쳐 있습니다.'),(485,60,'DOWN','NICE','골반 높이가 잘 유지되고 있습니다.'),(486,60,'DOWN','NICE','임팩트 시 손 높이가 준비 자세와 일치합니다.'),(487,60,'DOWN','NICE','무릎 이동이 부드럽게 잘 되고 있습니다.'),(488,60,'DOWN','BAD','임팩트 시 머리 위치가 공보다 앞쪽에 있습니다.'),(489,61,'BACK','BAD','머리 위치가 왼쪽으로 치우쳐 있습니다.'),(490,61,'BACK','NICE','골반 회전이 적절합니다.'),(491,61,'BACK','BAD','왼팔이 안쪽으로 구부러져 있습니다.'),(492,61,'BACK','NICE','무릎 이동이 부드럽게 잘 되고 있습니다.'),(493,61,'BACK','BAD','탑 스윙에서 앞발이 들려 있습니다.'),(494,61,'DOWN','BAD','머리 위치가 오른쪽으로 치우쳐 있습니다.'),(495,61,'DOWN','NICE','골반 높이가 잘 유지되고 있습니다.'),(496,61,'DOWN','NICE','임팩트 시 손 높이가 준비 자세와 일치합니다.'),(497,61,'DOWN','BAD','왼쪽 무릎으로의 체중 이동이 잘되지 않고 있습니다.'),(498,61,'DOWN','NICE','임팩트 시 머리 위치가 적절합니다.'),(499,62,'BACK','NICE','머리 위치가 잘 고정되어 있습니다.'),(500,62,'BACK','NICE','골반 회전이 적절합니다.'),(501,62,'BACK','BAD','왼팔이 안쪽으로 구부러져 있습니다.'),(502,62,'BACK','NICE','무릎 이동이 부드럽게 잘 되고 있습니다.'),(503,62,'BACK','BAD','탑 스윙에서 앞발이 들려 있습니다.'),(504,62,'DOWN','BAD','머리 위치가 오른쪽으로 치우쳐 있습니다.'),(505,62,'DOWN','NICE','골반 높이가 잘 유지되고 있습니다.'),(506,62,'DOWN','NICE','임팩트 시 손 높이가 준비 자세와 일치합니다.'),(507,62,'DOWN','NICE','무릎 이동이 부드럽게 잘 되고 있습니다.'),(508,62,'DOWN','BAD','임팩트 시 머리 위치가 공보다 앞쪽에 있습니다.'),(509,63,'BACK','BAD','머리 위치가 왼쪽으로 치우쳐 있습니다.'),(510,63,'BACK','NICE','골반 회전이 적절합니다.'),(511,63,'BACK','BAD','왼팔이 안쪽으로 구부러져 있습니다.'),(512,63,'BACK','NICE','무릎 이동이 부드럽게 잘 되고 있습니다.'),(513,63,'BACK','NICE','앞발이 지면에 잘 고정되어 있습니다.'),(514,63,'DOWN','BAD','머리 위치가 오른쪽으로 치우쳐 있습니다.'),(515,63,'DOWN','NICE','골반 높이가 잘 유지되고 있습니다.'),(516,63,'DOWN','NICE','임팩트 시 손 높이가 준비 자세와 일치합니다.'),(517,63,'DOWN','NICE','무릎 이동이 부드럽게 잘 되고 있습니다.'),(518,63,'DOWN','NICE','임팩트 시 머리 위치가 적절합니다.'),(519,64,'BACK','BAD','머리 위치가 왼쪽으로 치우쳐 있습니다.'),(520,64,'BACK','NICE','골반 회전이 적절합니다.'),(521,64,'BACK','NICE','왼팔이 잘 펴져 있습니다.'),(522,64,'BACK','NICE','무릎 이동이 부드럽게 잘 되고 있습니다.'),(523,64,'BACK','BAD','탑 스윙에서 앞발이 들려 있습니다.'),(524,64,'DOWN','BAD','머리 위치가 오른쪽으로 치우쳐 있습니다.'),(525,64,'DOWN','NICE','골반 높이가 잘 유지되고 있습니다.'),(526,64,'DOWN','NICE','임팩트 시 손 높이가 준비 자세와 일치합니다.'),(527,64,'DOWN','NICE','무릎 이동이 부드럽게 잘 되고 있습니다.'),(528,64,'DOWN','NICE','임팩트 시 머리 위치가 적절합니다.'),(529,65,'BACK','BAD','머리 위치가 왼쪽으로 치우쳐 있습니다.'),(530,65,'BACK','NICE','골반 회전이 적절합니다.'),(531,65,'BACK','NICE','왼팔이 잘 펴져 있습니다.'),(532,65,'BACK','NICE','무릎 이동이 부드럽게 잘 되고 있습니다.'),(533,65,'BACK','BAD','탑 스윙에서 앞발이 들려 있습니다.'),(534,65,'DOWN','BAD','머리 위치가 오른쪽으로 치우쳐 있습니다.'),(535,65,'DOWN','NICE','골반 높이가 잘 유지되고 있습니다.'),(536,65,'DOWN','NICE','임팩트 시 손 높이가 준비 자세와 일치합니다.'),(537,65,'DOWN','NICE','무릎 이동이 부드럽게 잘 되고 있습니다.'),(538,65,'DOWN','NICE','임팩트 시 머리 위치가 적절합니다.'),(539,66,'BACK','BAD','머리 위치가 왼쪽으로 치우쳐 있습니다.'),(540,66,'BACK','NICE','골반 회전이 적절합니다.'),(541,66,'BACK','NICE','왼팔이 잘 펴져 있습니다.'),(542,66,'BACK','NICE','무릎 이동이 부드럽게 잘 되고 있습니다.'),(543,66,'BACK','BAD','탑 스윙에서 앞발이 들려 있습니다.'),(544,66,'DOWN','BAD','머리 위치가 아래쪽으로 치우쳐 있습니다.'),(545,66,'DOWN','NICE','골반 높이가 잘 유지되고 있습니다.'),(546,66,'DOWN','NICE','임팩트 시 손 높이가 준비 자세와 일치합니다.'),(547,66,'DOWN','NICE','무릎 이동이 부드럽게 잘 되고 있습니다.'),(548,66,'DOWN','NICE','임팩트 시 머리 위치가 적절합니다.'),(549,67,'BACK','BAD','머리 위치가 왼쪽으로 치우쳐 있습니다.'),(550,67,'BACK','NICE','골반 회전이 적절합니다.'),(551,67,'BACK','NICE','왼팔이 잘 펴져 있습니다.'),(552,67,'BACK','NICE','무릎 이동이 부드럽게 잘 되고 있습니다.'),(553,67,'BACK','BAD','탑 스윙에서 앞발이 들려 있습니다.'),(554,67,'DOWN','BAD','머리 위치가 아래쪽으로 치우쳐 있습니다.'),(555,67,'DOWN','NICE','골반 높이가 잘 유지되고 있습니다.'),(556,67,'DOWN','NICE','임팩트 시 손 높이가 준비 자세와 일치합니다.'),(557,67,'DOWN','NICE','무릎 이동이 부드럽게 잘 되고 있습니다.'),(558,67,'DOWN','NICE','임팩트 시 머리 위치가 적절합니다.'),(569,69,'BACK','BAD','머리 위치가 왼쪽으로 치우쳐 있습니다.'),(570,69,'BACK','NICE','골반 회전이 적절합니다.'),(571,69,'BACK','BAD','왼팔이 안쪽으로 구부러져 있습니다.'),(572,69,'BACK','NICE','무릎 이동이 부드럽게 잘 되고 있습니다.'),(573,69,'BACK','BAD','탑 스윙에서 앞발이 들려 있습니다.'),(574,69,'DOWN','BAD','머리 위치가 오른쪽으로 치우쳐 있습니다.'),(575,69,'DOWN','NICE','골반 높이가 잘 유지되고 있습니다.'),(576,69,'DOWN','NICE','임팩트 시 손 높이가 준비 자세와 일치합니다.'),(577,69,'DOWN','NICE','무릎 이동이 부드럽게 잘 되고 있습니다.'),(578,69,'DOWN','NICE','임팩트 시 머리 위치가 적절합니다.'),(579,70,'BACK','NICE','머리 위치가 잘 고정되어 있습니다.'),(580,70,'BACK','NICE','골반 회전이 적절합니다.'),(581,70,'BACK','NICE','왼팔이 잘 펴져 있습니다.'),(582,70,'BACK','NICE','무릎 이동이 부드럽게 잘 되고 있습니다.'),(583,70,'BACK','NICE','앞발이 지면에 잘 고정되어 있습니다.'),(584,70,'DOWN','BAD','머리 위치가 오른쪽으로 치우쳐 있습니다.'),(585,70,'DOWN','NICE','골반 높이가 잘 유지되고 있습니다.'),(586,70,'DOWN','NICE','임팩트 시 손 높이가 준비 자세와 일치합니다.'),(587,70,'DOWN','NICE','무릎 이동이 부드럽게 잘 되고 있습니다.'),(588,70,'DOWN','NICE','임팩트 시 머리 위치가 적절합니다.'),(589,71,'BACK','BAD','머리 위치가 왼쪽으로 치우쳐 있습니다.'),(590,71,'BACK','NICE','골반 회전이 적절합니다.'),(591,71,'BACK','BAD','왼팔이 안쪽으로 구부러져 있습니다.'),(592,71,'BACK','NICE','무릎 이동이 부드럽게 잘 되고 있습니다.'),(593,71,'BACK','BAD','탑 스윙에서 앞발이 들려 있습니다.'),(594,71,'DOWN','BAD','머리 위치가 오른쪽으로 치우쳐 있습니다.'),(595,71,'DOWN','NICE','골반 높이가 잘 유지되고 있습니다.'),(596,71,'DOWN','NICE','임팩트 시 손 높이가 준비 자세와 일치합니다.'),(597,71,'DOWN','NICE','무릎 이동이 부드럽게 잘 되고 있습니다.'),(598,71,'DOWN','NICE','임팩트 시 머리 위치가 적절합니다.');
/*!40000 ALTER TABLE `comment` ENABLE KEYS */;
UNLOCK TABLES;

--
-- Table structure for table `expert`
--

DROP TABLE IF EXISTS `expert`;
/*!40101 SET @saved_cs_client     = @@character_set_client */;
/*!50503 SET character_set_client = utf8mb4 */;
CREATE TABLE `expert` (
  `id` bigint NOT NULL AUTO_INCREMENT,
  `name` varchar(30) NOT NULL,
  `field` varchar(30) NOT NULL,
  `exp_years` int NOT NULL,
  `certificate` varchar(255) NOT NULL,
  `phone_number` varchar(30) NOT NULL,
  `profile_url` text NOT NULL,
  `counsel_url` text NOT NULL,
  PRIMARY KEY (`id`)
) ENGINE=InnoDB AUTO_INCREMENT=2 DEFAULT CHARSET=utf8mb4 COLLATE=utf8mb4_0900_ai_ci;
/*!40101 SET character_set_client = @saved_cs_client */;

--
-- Dumping data for table `expert`
--

LOCK TABLES `expert` WRITE;
/*!40000 ALTER TABLE `expert` DISABLE KEYS */;
INSERT INTO `expert` VALUES (1,'홍길동','KLPGA PRO',8,'프론티어투어 8회 대회 준우승, KGF 정회원','010-4859-7541','https://goodshot-bucket.s3.ap-northeast-2.amazonaws.com/goodshot/%EB%A7%A5%EA%B8%B8%EB%A1%9C%EC%9D%B4.jpg','https://open.kakao.com/o/sc4oiORg');
/*!40000 ALTER TABLE `expert` ENABLE KEYS */;
UNLOCK TABLES;

--
-- Table structure for table `report`
--

DROP TABLE IF EXISTS `report`;
/*!40101 SET @saved_cs_client     = @@character_set_client */;
/*!50503 SET character_set_client = utf8mb4 */;
CREATE TABLE `report` (
  `id` bigint NOT NULL AUTO_INCREMENT,
  `content` varchar(255) NOT NULL,
  `problem` varchar(50) NOT NULL,
  PRIMARY KEY (`id`)
) ENGINE=InnoDB AUTO_INCREMENT=38 DEFAULT CHARSET=utf8mb4 COLLATE=utf8mb4_0900_ai_ci;
/*!40101 SET character_set_client = @saved_cs_client */;

--
-- Dumping data for table `report`
--

LOCK TABLES `report` WRITE;
/*!40000 ALTER TABLE `report` DISABLE KEYS */;
INSERT INTO `report` VALUES (1,'스윙 중에 머리 위치가 치우치는 가장 흔한 이유는 중심축이 무너지는 것입니다. 스윙을 할 때 몸의 중심축이 유지되지 않으면 머리가 좌우로 움직일 수 있어요. 이를 방지하려면 상체를 회전할 때 몸의 중심이 흔들리지 않도록 척추 각도를 유지하는 연습이 필요합니다.','BACK_HEAD_MOVEMENT'),(2,'하체 사용이 부족해서 상체만 과도하게 사용되고 있습니다. 스윙에서 하체가 먼저 리드해야 하는데, 상체만으로 스윙하려다 보면 머리가 같이 움직이기 쉬워요! 스윙을 시작할 때 하체가 먼저 리드하도록 의식적으로 연습하세요. 특히 다운스윙에서 하체가 먼저 움직이면 머리가 자연스럽게 고정되기 쉽습니다. 벽에 등을 대고, 스윙 중 머리가 벽에서 떨어지지 않도록 의식하면서 연습하는 것도 좋은 방법입니다.','BACK_HEAD_MOVEMENT'),(3,'스윙 중 체중이 한쪽으로 과도하게 실리면 머리가 그 방향으로 따라가게 됩니다. 체중 이동이 균형 잡히지 않으면 스윙의 밸런스도 무너지게 되죠. 스윙 시 체중이 오른발로 자연스럽게 이동하고, 다운스윙 시 왼발로 체중이 이동하는지 확인하세요. 이를 제대로 느끼기 위해서는 연습장에서 체중 이동을 의식하며 스윙하는 것이 좋습니다.','BACK_HEAD_MOVEMENT'),(5,'골반이 과도하게 회전하는 문제는 하체의 움직임을 잘못 사용하거나, 상체와 하체의 조화가 맞지 않기 때문에 발생할 수 있습니다. 스윙을 할 때 스틱이나 의자를 엉덩이 뒤에 세워 두고, 백스윙 시 엉덩이가 스틱이나 의자에 너무 많이 닿지 않도록 의식적으로 연습하세요. 이 방법은 골반의 과도한 회전을 억제하고, 스윙의 중심을 유지하는 데 도움이 됩니다.','BACK_HIP_ROTATION'),(6,'골반이 과도하게 회전하면 하체가 제대로 고정되지 않았을 가능성이 큽니다. 하체가 불안정하면 상체의 회전과 균형이 맞지 않으면서 골반이 불필요하게 많이 돌아갈 수 있어요. 골반 회전을 억제하기 위해서는 하체가 잘 고정되어야 합니다. 하체가 고정되면 상체의 회전과 함께 자연스러운 골반 회전이 가능해집니다. 스윙 시 무릎이 과도하게 움직이지 않도록 하고, 양발을 견고하게 고정한 채 상체를 회전시키는 연습을 해보세요.','BACK_HIP_ROTATION'),(7,'체중이 스윙 도중 한쪽으로 과도하게 쏠리면 골반이 과도하게 회전할 수 있습니다. 특히 백스윙에서 오른쪽으로 체중이 과도하게 실리면 다운스윙에서 골반이 과도하게 열리는 경향이 생길 수 있습니다. 체중이 한쪽으로 너무 많이 쏠리지 않도록 신경 쓰면서 연습하세요. 체중이 양발에 골고루 분산되어야 하며, 스윙 중에도 지나치게 한쪽으로 쏠리는 것을 피해야 합니다.','BACK_HIP_ROTATION'),(8,'스윙할 때 왼팔이 안쪽으로 구부러지는 문제는 스윙의 일관성과 거리, 정확성에 영향을 미칠 수 있습니다. 왼팔이 구부러지면 클럽의 궤도가 틀어지고, 임팩트 시 정확한 힘 전달이 어려워질 수 있어요. 스윙 내내 왼팔을 최대한 직선으로 유지하면서 클럽을 올릴 때 팔이 자연스럽게 펴져 있어야 합니다. 과도하게 몸에 붙이려 하지 않도록 주의해야 합니다. ','BACK_RIGHT_ARM_BEND'),(9,'팔이 구부러지는 문제는 그립을 너무 세게 잡거나, 어깨와 팔에 불필요한 긴장이 있을 때 발생합니다. 그립을 너무 강하게 쥐지 않도록 신경 쓰세요. 클럽을 쥘 때 적당한 힘으로 편안하게 잡아야 합니다. 팔과 어깨에 불필요한 긴장을 줄이고, 팔이 자연스럽게 펴진 상태에서 스윙하는 것이 중요합니다.','BACK_RIGHT_ARM_BEND'),(10,'어깨 회전이 부족하거나 지나치게 몸에 붙여서 스윙하려고 하면 팔이 구부러질 수 있습니다. 상체 회전이 충분하지 않으면 팔로만 스윙하려고 하게 되면서 왼팔이 구부러질 수 있으므로, 상체 회전이 중요합니다. 백스윙에서 어깨가 충분히 회전되면 팔이 자연스럽게 펴지고 구부러지지 않게 됩니다. ','BACK_RIGHT_ARM_BEND'),(11,'어드레스 자세에서 백스윙을 할 때 체중이 오른쪽 무릎과 오른발 쪽으로 자연스럽게 이동하고 있지 않습니다. 체중이 오른쪽으로 이동하지 않고 상체만 회전하고 있는데, 몸 전체가 아닌 팔로만 스윙하고 있어서 발생하는 문제입니다. 천천히 백스윙하면서 오른쪽 발에 체중이 실리는 느낌을 확인하는 연습을 해보세요.','BACK_RIGHT_KNEE_SWAY'),(12,'백스윙에서 하체가 불안정하거나 과도하게 움직이면 체중이 오른쪽 무릎으로 제대로 이동하지 않습니다. 백스윙 시에 오른쪽 다리와 무릎이 안정적으로 버텨야 체중이 이동할 수 있습니다. 백스윙을 할 때 오른쪽 무릎과 발이 흔들리지 않고 견고하게 고정되도록 연습하세요. 오른발이 지면에 단단히 붙어 있어야 체중이 자연스럽게 오른쪽으로 이동할 수 있습니다.','BACK_RIGHT_KNEE_SWAY'),(13,'스윙 시 몸의 회전축을 중심으로 하체가 자연스럽게 피벗되도록 연습하세요. 체중이 오른쪽 다리로 이동할 때 하체가 충분히 회전되어야 합니다. 어깨와 하체의 회전이 조화롭게 이루어지면 체중이 자연스럽게 오른쪽으로 이동할 수 있습니다.','BACK_RIGHT_KNEE_SWAY'),(14,'스윙을 할 때 양쪽 발에 균형 잡힌 체중 분산이 이루어져야 하며, 백스윙 시 체중이 왼발에 일부 남아 있어야 합니다. 백스윙 시 체중이 100% 오른쪽으로 쏠리는 것을 피하고, 왼발에 일부 체중이 남아 있도록 연습하세요. 백스윙 중에도 왼발이 지면에 닿아 있는지 의식하며 스윙을 반복하는 것이 중요합니다.','BACK_FRONT_FOOT_LIFT'),(15,'스윙 도중 왼발이 바닥에 고정되도록 연습하는 것은 체중 이동을 개선하고, 스윙의 안정성을 유지하는 데 도움이 됩니다. 연습할 때 작은 공이나 티를 왼발 밑에 두고 스윙을 하면서, 스윙 도중 공이 움직이지 않도록 유지하는 훈련을 하시면 좋습니다. 이 방법은 왼발을 지면에 고정하는 데 큰 도움이 됩니다.','BACK_FRONT_FOOT_LIFT'),(16,'어드레스 자세에서 왼발이 너무 가벼운 상태로 시작되면, 스윙 도중 왼발이 들리기 쉽습니다. 어드레스 자세에서 양발에 균등하게 체중을 분배해야 합니다. 스윙을 시작하기 전부터 왼발에 충분한 체중이 실려 있어야 백스윙 도중 왼발이 들리지 않습니다.','BACK_FRONT_FOOT_LIFT'),(17,'오른팔이 안쪽으로 구부러지지 않도록, 스윙 중에 팔을 최대한 자연스럽게 펴는 것이 중요합니다. 백스윙과 다운스윙 모두에서 팔이 몸에 너무 가까워지면 구부러지기 쉽습니다. 그립을 너무 세게 잡으면 팔에 불필요한 긴장이 생겨 구부러질 수 있습니다. 그립을 가볍게 쥐고 편안한 상태에서 스윙을 해야 팔이 자연스럽게 펴집니다. ','BACK_LEFT_ARM_BEND'),(18,'피니시까지 오른팔이 자연스럽게 펴진 상태로 유지되도록 연습하세요. 팔이 구부러지지 않도록 다운스윙에서 피니시까지의 팔 동작을 신경 쓰며 연습하면, 임팩트 순간에 더 강한 힘 전달과 정확한 궤도를 만들 수 있습니다.','BACK_LEFT_ARM_BEND'),(19,'천천히 스윙하면서 오른팔이 구부러지지 않도록 의식하세요. 팔이 자연스럽게 펴진 상태를 유지하면서 스윙을 하다 보면 빠른 스윙에서도 올바른 자세를 유지할 수 있게 됩니다.','BACK_LEFT_ARM_BEND'),(20,'스윙에서 하체가 먼저 리드해야 체중이 자연스럽게 왼쪽으로 이동합니다. 스윙 시 상체보다 하체가 먼저 리드하는 것을 의식하며 연습하세요. 다운스윙에서 왼쪽 다리가 먼저 리드하면서 체중이 왼발로 이동하는 것을 집중적으로 훈련하세요. 하체 리드가 제대로 이루어지면 자연스럽게 체중이 왼쪽으로 이동하게 됩니다.','BACK_LEFT_KNEE_SWAY'),(21,'체중이 스윙 도중 한쪽으로만 쏠리면, 반대편 다리로의 이동이 어렵습니다. 백스윙에서는 체중이 오른발로, 다운스윙에서는 왼발로 자연스럽게 분산되도록 해야 합니다. 어드레스 자세에서 체중이 양발에 균등하게 분산되는지 확인하세요. 백스윙을 할 때는 체중이 오른발로 이동하고, 다운스윙을 할 때는 왼발로 자연스럽게 체중이 옮겨지는지 집중하면서 연습하세요.','BACK_LEFT_KNEE_SWAY'),(22,'스윙 중 체중이 오른쪽에서 왼쪽으로 자연스럽게 이동하는 것을 의식적으로 느끼는 것이 중요합니다. 체중이 오른발에서 왼발로 이동하지 않으면 임팩트 시 힘을 충분히 전달할 수 없게 됩니다. 스윙할 때 백스윙에서 오른발로 체중이 이동하고, 다운스윙에서 왼발로 자연스럽게 체중이 이동하는지 확인하세요','BACK_LEFT_KNEE_SWAY'),(23,'골반 높이가 치우쳐 있는 문제는 스윙의 시작인 어드레스 자세에서 비롯됩니다. 어드레스 자세에서 골반이 수평이 아니면, 스윙 도중에도 골반이 한쪽으로 기울어지거나 높아지게 됩니다. 양발의 체중 분배가 골고루 이루어져야 하고, 한쪽 다리에만 체중이 쏠리지 않도록 연습하세요! ','DOWN_HIP_HEIGHT'),(24,'스윙할 때 양발에 균형 있게 체중을 분산하고, 체중이 한쪽 발에만 쏠리지 않도록 의식적으로 연습하세요. 특히 백스윙에서 오른발로, 다운스윙에서 왼발로 체중이 자연스럽게 이동하는지 집중하세요.','DOWN_HIP_HEIGHT'),(25,'백스윙에서 상체와 하체의 회전이 자연스럽게 분리되도록 연습하세요. 상체가 회전할 때 하체는 견고하게 고정되어야 하며, 상체 회전과 함께 골반이 자연스럽게 따라가되, 한쪽으로 치우치지 않도록 해야 합니다.','DOWN_HIP_HEIGHT'),(26,'임팩트 시 손 높이가 준비 자세보다 낮거나 높게 위치하는 문제는 클럽 페이스의 각도와 스윙 궤도에 영향을 미쳐 정확한 임팩트를 방해할 수 있습니다.  어드레스 자세에서 손이 몸의 중앙에 가까이 위치하도록 하세요. 손이 너무 앞쪽이나 뒤쪽에 위치하지 않도록 신경 쓰고, 클럽과 손의 위치가 자연스러운 연장선에 있도록 하세요. 또한, 손목의 각도를 확인하여 어드레스 시 클럽이 편안한 각도로 유지되도록 합니다.','DOWN_IMPACT_HAND_HEIGHT'),(27,'백스윙이나 다운스윙 중 손이 몸에서 너무 멀어지거나 가까워지면 임팩트 시 손의 높이가 준비 자세와 달라질 수 있습니다. 스윙 중 손이 몸과 일정한 거리에서 유지되도록 신경 쓰세요. 손이 지나치게 몸에서 멀어지거나 가까워지면 임팩트 시 손 높이가 변할 수 있습니다. 스윙 중에 클럽 헤드와 손의 움직임이 일관된 궤도를 따라가도록 연습하세요!','DOWN_IMPACT_HAND_HEIGHT'),(28,'스윙 도중 손목의 각도가 변하면 임팩트 시 손 높이가 준비 자세보다 달라질 수 있습니다. 손목의 각도가 지나치게 꺾이거나 풀리면 손의 높이가 변하면서 정확한 임팩트가 어려워집니다. 스윙 중에 손목의 각도를 일관되게 유지하세요. 백스윙에서 임팩트로 이어질 때 손목이 과도하게 풀리지 않도록 신경 쓰세요. 손목이 잘 유지되면 손의 높이가 준비 자세와 일치할 수 있습니다.','DOWN_IMPACT_HAND_HEIGHT'),(29,'백스윙에서 체중이 오른발로 이동한 후, 다운스윙 시 체중이 왼쪽으로 자연스럽게 이동하는지 의식적으로 연습하세요. 스윙 중 왼발로 체중이 이동하지 않으면 스윙이 불안정해집니다. 천천히 연습하면서 체중이 왼발로 확실히 실리는 것을 느끼며 반복하세요.','DOWN_RIGHT_KNEE_SWAY'),(30,'왼쪽 다리가 다운스윙에서 충분히 고정되지 않으면 체중 이동이 어려워집니다. 왼쪽 다리와 무릎이 안정적으로 고정되면서 체중을 받아야 스윙의 힘을 극대화할 수 있습니다. 다운스윙에서 왼쪽 다리가 흔들리지 않고 안정적으로 체중을 받아들이는지를 확인하세요. 스윙 중 왼쪽 무릎이 좌우로 과도하게 움직이지 않고, 체중이 자연스럽게 왼발로 실리도록 연습하세요.','DOWN_RIGHT_KNEE_SWAY'),(31,'임팩트 시 과도한 상체 움직임을 줄여보세요. 스윙 중 상체가 과도하게 앞으로 나가거나 기울어지지 않도록 상체를 고정하는 연습을 하세요. 백스윙에서 상체가 너무 앞으로 쏠리지 않도록 허리와 척추의 각도를 유지하면서 하체를 리드하는 데 집중합니다. 상체가 지나치게 개입하지 않으면 체중이 자연스럽게 왼쪽으로 이동하게 됩니다.','DOWN_RIGHT_KNEE_SWAY'),(32,'머리 위치가 공보다 앞이나 뒤에 있는 주요 원인은 스윙 축이 무너지는 경우입니다.  백스윙과 다운스윙에서 머리가 고정된 상태로 몸이 회전하도록 의식하면서 연습하세요. 머리가 좌우로 움직이지 않고, 스윙 축이 일관되게 유지되면 임팩트 시 머리 위치가 안정적으로 유지될 수 있습니다.','DOWN_HEAD_POSITION_IMPACT'),(33,'백스윙 시 체중이 오른발로, 다운스윙 시 체중이 왼발로 균형 있게 이동하는지 신경 쓰세요. 체중 이동이 불균형하면 머리 위치가 변하기 쉽습니다. 체중을 지나치게 앞이나 뒤로 실지 않고, 균형 잡힌 체중 이동을 유지하면 머리 위치도 안정적으로 유지됩니다.','DOWN_HEAD_POSITION_IMPACT'),(34,'머리 위치를 고정하기 위해, 벽에 등을 대고 스윙하는 연습을 해보세요. 이 방법을 통해 머리가 과도하게 앞으로 움직이지 않도록 훈련할 수 있으며, 스윙 중에도 머리가 안정적으로 유지되도록 도와줍니다.','DOWN_HEAD_POSITION_IMPACT'),(35,'오른쪽 무릎이 불안정하면 체중 이동이 제대로 이루어지지 않을 수 있습니다. 스윙에서 체중을 오른발로 실었을 때, 오른쪽 무릎이 안정적으로 체중을 받아들이고, 다운스윙에서는 무릎이 좌우로 흔들리지 않도록 신경 쓰세요. 무릎이 흔들리면 체중이 제대로 실리지 않기 때문에, 스윙 중에 무릎이 고정된 상태에서 스윙을 이어가도록 연습하세요.','DOWN_LEFT_KNEE_SWAY'),(36,'지면을 활용해 오른쪽 무릎으로 체중을 받아들이는 느낌을 연습하면 체중 이동을 더욱 효과적으로 할 수 있습니다. 백스윙에서 오른발로 지면을 누르면서 체중을 이동시키는 연습을 통해 무릎이 지면 반작용을 제대로 받아들이도록 해야 합니다. 스윙 중에 오른발과 오른쪽 무릎이 지면을 강하게 눌러주고, 그 반작용으로 체중이 왼쪽으로 이동하는 느낌을 의식하면서 연습하세요. 지면 반작용을 활용하면 체중 이동이 한결 자연스럽고 안정적으로 이루어질 수 있습니다.','DOWN_LEFT_KNEE_SWAY'),(37,'백스윙에서 체중을 오른발로 실었을 때, 오른쪽 무릎이 안정적으로 체중을 받아들이고, 다운스윙에서는 무릎이 좌우로 흔들리지 않도록 신경 쓰세요. 무릎이 흔들리면 체중이 제대로 실리지 않기 때문에, 스윙 중에 무릎이 고정된 상태에서 스윙을 이어가도록 연습하세요.','DOWN_LEFT_KNEE_SWAY');
/*!40000 ALTER TABLE `report` ENABLE KEYS */;
UNLOCK TABLES;

--
-- Table structure for table `swing`
--

DROP TABLE IF EXISTS `swing`;
/*!40101 SET @saved_cs_client     = @@character_set_client */;
/*!50503 SET character_set_client = utf8mb4 */;
CREATE TABLE `swing` (
  `id` bigint NOT NULL AUTO_INCREMENT,
  `user_id` bigint NOT NULL,
  `code` varchar(255) NOT NULL,
  `like_status` tinyint NOT NULL DEFAULT '0',
  `similarity` json NOT NULL,
  `solution` varchar(255) NOT NULL,
  `score` int NOT NULL,
  `tempo` double NOT NULL,
  `time` timestamp NOT NULL,
  `title` varchar(10) NOT NULL,
  `created_at` bigint NOT NULL,
  PRIMARY KEY (`id`),
  KEY `user_id` (`user_id`),
  CONSTRAINT `swing_ibfk_1` FOREIGN KEY (`user_id`) REFERENCES `user` (`id`)
) ENGINE=InnoDB AUTO_INCREMENT=72 DEFAULT CHARSET=utf8mb4 COLLATE=utf8mb4_0900_ai_ci;
/*!40101 SET character_set_client = @saved_cs_client */;

--
-- Dumping data for table `swing`
--

LOCK TABLES `swing` WRITE;
/*!40000 ALTER TABLE `swing` DISABLE KEYS */;
INSERT INTO `swing` VALUES (19,1,'8790b06b8184017c_1728374038603',0,'{\"top\": 0.775179922580719, \"toeUp\": 0.19848711788654327, \"finish\": 0.0, \"impact\": 0.0, \"address\": 0.8244645595550537, \"midBackSwing\": 0.7860627770423889, \"midDownSwing\": 0.0, \"midFollowThrough\": 0.0}','백스윙 과정에서 왼팔이 굽혀져 있어요. 상체를 중심으로 회전하며 오버스윙을 줄이는 연습이 필요합니다.',32,1.68,'2024-10-10 20:22:04','굿샷최고',1728374038603),(22,1,'8790b06b8184017c_1728374496993',0,'{\"top\": 0.8155083060264587, \"toeUp\": 0.5323249101638794, \"finish\": 0.0, \"impact\": 0.0, \"address\": 0.8348965644836426, \"midBackSwing\": 0.8247464299201965, \"midDownSwing\": 0.0, \"midFollowThrough\": 0.0}','백스윙과 다운스윙 궤도가 일정하게 유지되지 못했어요. 상체와 팔의 각도를 유지한 상태로 스윙을 해보세요.',37,1.81,'2024-10-08 17:01:36','37점 스윙',1728374496993),(25,1,'8790b06b8184017c_1728374747377',0,'{\"top\": 0.9563567042350768, \"toeUp\": 0.4072011411190033, \"finish\": 0.0, \"impact\": 0.0, \"address\": 0.8428928852081299, \"midBackSwing\": 0.7899898290634155, \"midDownSwing\": 0.0, \"midFollowThrough\": 0.0}','백스윙과 다운스윙 궤도가 일정하게 유지되지 못했어요. 상체와 팔의 각도를 유지한 상태로 스윙을 해보세요.',37,2.85,'2024-10-08 17:05:47','37점 스윙',1728374747377),(27,1,'8790b06b8184017c_1728374816768',0,'{\"top\": 0.9275432229042052, \"toeUp\": 0.3781552016735077, \"finish\": 0.0, \"impact\": 0.0, \"address\": 0.8653698563575745, \"midBackSwing\": 0.7306737303733826, \"midDownSwing\": 0.0, \"midFollowThrough\": 0.0}','백스윙 과정에서 왼팔이 굽혀져 있어요. 상체를 중심으로 회전하며 오버스윙을 줄이는 연습이 필요합니다.',36,1.61,'2024-10-08 17:06:56','36점 스윙',1728374816768),(28,1,'8790b06b8184017c_1728374828212',0,'{\"top\": 0.8914830088615417, \"toeUp\": 0.5144644379615784, \"finish\": 0.0, \"impact\": 0.0, \"address\": 0.8499435782432556, \"midBackSwing\": 0.6589139699935913, \"midDownSwing\": 0.0, \"midFollowThrough\": 0.0}','다운스윙에서 체중이 왼쪽으로 충분히 이동하지 않았어요. 임팩트 시 왼쪽 발에 체중을 실어보세요.',36,1.53,'2024-10-08 17:07:08','36점 스윙',1728374828212),(29,1,'8790b06b8184017c_1728374833858',0,'{\"top\": 0.9257481098175048, \"toeUp\": 0.532257616519928, \"finish\": 0.0, \"impact\": 0.0, \"address\": 0.8635271787643433, \"midBackSwing\": 0.6963878273963928, \"midDownSwing\": 0.0, \"midFollowThrough\": 0.0}','다운스윙에서 체중이 왼쪽으로 충분히 이동하지 않았어요. 임팩트 시 왼쪽 발에 체중을 실어보세요.',37,1.52,'2024-10-08 17:07:13','37점 스윙',1728374833858),(30,1,'8790b06b8184017c_1728374839283',0,'{\"top\": 0.9055107235908508, \"toeUp\": 0.3892919421195984, \"finish\": 0.0, \"impact\": 0.0, \"address\": 0.8441336154937744, \"midBackSwing\": 0.7645722031593323, \"midDownSwing\": 0.0, \"midFollowThrough\": 0.0}','백스윙과 다운스윙 궤도가 일정하게 유지되지 못했어요. 상체와 팔의 각도를 유지한 상태로 스윙을 해보세요.',36,2.27,'2024-10-08 17:07:19','36점 스윙',1728374839283),(31,1,'8790b06b8184017c_1728374844582',0,'{\"top\": 0.8357200622558594, \"toeUp\": 0.4896116256713867, \"finish\": 0.0, \"impact\": 0.0, \"address\": 0.8290244936943054, \"midBackSwing\": 0.534734308719635, \"midDownSwing\": 0.0, \"midFollowThrough\": 0.0}','다운스윙에서 체중이 왼쪽으로 충분히 이동하지 않았어요. 임팩트 시 왼쪽 발에 체중을 실어보세요.',33,1.74,'2024-10-08 17:07:24','33점 스윙',1728374844582),(32,1,'8790b06b8184017c_1728374872908',0,'{\"top\": 0.8975804448127747, \"toeUp\": 0.4411300122737885, \"finish\": 0.0, \"impact\": 0.0, \"address\": 0.8641495108604431, \"midBackSwing\": 0.719450056552887, \"midDownSwing\": 0.0, \"midFollowThrough\": 0.0}','다운스윙에서 체중이 왼쪽으로 충분히 이동하지 않았어요. 임팩트 시 왼쪽 발에 체중을 실어보세요.',36,2.08,'2024-10-08 17:07:52','36점 스윙',1728374872908),(33,1,'8790b06b8184017c_1728374878801',0,'{\"top\": 0.9143345355987548, \"toeUp\": 0.5921027660369873, \"finish\": 0.0, \"impact\": 0.0, \"address\": 0.8450039029121399, \"midBackSwing\": 0.7688179016113281, \"midDownSwing\": 0.0, \"midFollowThrough\": 0.0}','다운스윙에서 체중이 왼쪽으로 충분히 이동하지 않았어요. 임팩트 시 왼쪽 발에 체중을 실어보세요.',39,2.46,'2024-10-08 17:07:58','39점 스윙',1728374878801),(34,1,'8790b06b8184017c_1728374887455',0,'{\"top\": 0.970687747001648, \"toeUp\": 0.4039880037307739, \"finish\": 0.0, \"impact\": 0.0, \"address\": 0.853032112121582, \"midBackSwing\": 0.8020098209381104, \"midDownSwing\": 0.0, \"midFollowThrough\": 0.0}','다운스윙에서 체중이 왼쪽으로 충분히 이동하지 않았어요. 임팩트 시 왼쪽 발에 체중을 실어보세요.',37,2.06,'2024-10-08 17:08:07','37점 스윙',1728374887455),(35,1,'8790b06b8184017c_1728374893693',0,'{\"top\": 0.9784722328186036, \"toeUp\": 0.6149412989616394, \"finish\": 0.0, \"impact\": 0.0, \"address\": 0.8350074887275696, \"midBackSwing\": 0.7994970679283142, \"midDownSwing\": 0.0, \"midFollowThrough\": 0.0}','백스윙과 다운스윙 궤도가 일정하게 유지되지 못했어요. 상체와 팔의 각도를 유지한 상태로 스윙을 해보세요.',40,3.06,'2024-10-09 23:02:22','40점 스윙',1728374893693),(38,1,'2ec328b45a78bada_1728483255548',0,'{\"top\": 0.9667269587516784, \"toeUp\": 0.4188689589500427, \"finish\": 0.0, \"impact\": 0.0, \"address\": 0.8878764510154724, \"midBackSwing\": 0.7135202884674072, \"midDownSwing\": 0.0, \"midFollowThrough\": 0.0}','백스윙 과정에서 왼팔이 굽혀져 있어요. 상체를 중심으로 회전하며 오버스윙을 줄이는 연습이 필요합니다.',37,1.64,'2024-10-10 01:41:32','37점 스윙',1728483255548),(39,1,'2ec328b45a78bada_1728483322028',0,'{\"top\": 0.6158146262168884, \"toeUp\": 0.3754783272743225, \"finish\": 0.0, \"impact\": 0.0, \"address\": 0.8869590759277344, \"midBackSwing\": 0.8014807105064392, \"midDownSwing\": 0.0, \"midFollowThrough\": 0.0}','백스윙 과정에서 왼팔이 굽혀져 있어요. 상체를 중심으로 회전하며 오버스윙을 줄이는 연습이 필요합니다.',33,1.14,'2024-10-10 01:41:34','33점 스윙',1728483322028),(44,1,'2ec328b45a78bada_1728483702460',1,'{\"top\": 0.802713930606842, \"toeUp\": 0.5467541217803955, \"finish\": 0.0, \"impact\": 0.0, \"address\": 0.8561988472938538, \"midBackSwing\": 0.7241187691688538, \"midDownSwing\": 0.0, \"midFollowThrough\": 0.0}','백스윙 시 상체가 너무 크게 들렸어요. 머리를 고정하고 클럽을 뒤로 천천히 드는 연습을 해보세요.',36,2.34,'2024-10-10 16:42:19','36점 스윙',1728483702460),(45,1,'2ec328b45a78bada_1728483712526',0,'{\"top\": 0.9385409951210022, \"toeUp\": 0.3902664482593536, \"finish\": 0.0, \"impact\": 0.0, \"address\": 0.8797677159309387, \"midBackSwing\": 0.8346489667892456, \"midDownSwing\": 0.0, \"midFollowThrough\": 0.0}','백스윙 시 상체가 너무 크게 들렸어요. 머리를 고정하고 클럽을 뒤로 천천히 드는 연습을 해보세요.',38,1.07,'2024-10-09 23:21:52','38점 스윙',1728483712526),(46,1,'ca05d78e10a529c5_1728550288863',0,'{\"top\": 0.8947267532348633, \"toeUp\": 0.5813547968864441, \"finish\": 0.0, \"impact\": 0.0, \"address\": 0.8914737105369568, \"midBackSwing\": 0.7738648056983948, \"midDownSwing\": 0.0, \"midFollowThrough\": 0.0}','백스윙 시 상체가 너무 크게 들렸어요. 머리를 고정하고 클럽을 뒤로 천천히 드는 연습을 해보세요.',83,2.23,'2024-10-10 17:51:28','83점 스윙',1728550288863),(47,1,'ca05d78e10a529c5_1728550298338',0,'{\"top\": 0.8901676535606384, \"toeUp\": 0.213358074426651, \"finish\": 0.0, \"impact\": 0.0, \"address\": 0.8821505904197693, \"midBackSwing\": 0.84054034948349, \"midDownSwing\": 0.0, \"midFollowThrough\": 0.0}','백스윙과 다운스윙 궤도가 일정하게 유지되지 못했어요. 상체와 팔의 각도를 유지한 상태로 스윙을 해보세요.',77,1.31,'2024-10-10 17:51:38','77점 스윙',1728550298338),(48,1,'ca05d78e10a529c5_1728558243314',0,'{\"top\": 0.8491070866584778, \"toeUp\": 0.3869197368621826, \"finish\": 0.0, \"impact\": 0.0, \"address\": 0.8924480080604553, \"midBackSwing\": 0.8483301997184753, \"midDownSwing\": 0.0, \"midFollowThrough\": 0.0}','백스윙 시 상체가 너무 크게 들렸어요. 머리를 고정하고 클럽을 뒤로 천천히 드는 연습을 해보세요.',80,2.13,'2024-10-10 20:04:03','80점 스윙',1728558243314),(49,1,'ca05d78e10a529c5_1728558316421',0,'{\"top\": 0.958267092704773, \"toeUp\": 0.6606518626213074, \"finish\": 0.0, \"impact\": 0.0, \"address\": 0.9135491847991944, \"midBackSwing\": 0.8509625792503357, \"midDownSwing\": 0.0, \"midFollowThrough\": 0.0}','백스윙 시 상체가 너무 크게 들렸어요. 머리를 고정하고 클럽을 뒤로 천천히 드는 연습을 해보세요.',88,1.49,'2024-10-10 20:05:16','88점 스윙',1728558316421),(50,1,'ca05d78e10a529c5_1728558347305',0,'{\"top\": 0.8927353024482727, \"toeUp\": 0.4199500381946564, \"finish\": 0.0, \"impact\": 0.0, \"address\": 0.808523952960968, \"midBackSwing\": 0.8182509541511536, \"midDownSwing\": 0.0, \"midFollowThrough\": 0.0}','백스윙 과정에서 왼팔이 굽혀져 있어요. 상체를 중심으로 회전하며 오버스윙을 줄이는 연습이 필요합니다.',79,3.07,'2024-10-10 20:05:47','79점 스윙',1728558347305),(51,1,'ca05d78e10a529c5_1728558440245',0,'{\"top\": 0.920735776424408, \"toeUp\": 0.504915714263916, \"finish\": 0.0, \"impact\": 0.0, \"address\": 0.8828790187835693, \"midBackSwing\": 0.814245879650116, \"midDownSwing\": 0.0, \"midFollowThrough\": 0.0}','백스윙 시 체중이 오른쪽으로 이동하지 않았어요. 백스윙에서 오른쪽 발에 체중을 실어보세요.',83,2.5,'2024-10-10 20:07:20','83점 스윙',1728558440245),(52,1,'ca05d78e10a529c5_1728558462135',0,'{\"top\": 0.3766888678073883, \"toeUp\": 0.5181856751441956, \"finish\": 0.0, \"impact\": 0.0, \"address\": 0.8905985951423645, \"midBackSwing\": 0.8034572005271912, \"midDownSwing\": 0.0, \"midFollowThrough\": 0.0}','백스윙과 다운스윙 궤도가 일정하게 유지되지 못했어요. 상체와 팔의 각도를 유지한 상태로 스윙을 해보세요.',72,3.33,'2024-10-10 20:07:42','72점 스윙',1728558462135),(53,1,'2ec328b45a78bada_1728563096283',0,'{\"top\": 0.9339914917945862, \"toeUp\": 0.5937919020652771, \"finish\": 0.9668043851852416, \"impact\": 0.8752171397209167, \"address\": 0.8718826770782471, \"midBackSwing\": 0.6894350051879883, \"midDownSwing\": 0.9866095185279846, \"midFollowThrough\": 0.7212649583816528}','백스윙 시 상체가 너무 크게 들렸어요. 머리를 고정하고 클럽을 뒤로 천천히 드는 연습을 해보세요.',82,2.97,'2024-10-10 21:24:56','82점 스윙',1728563096283),(54,1,'2ec328b45a78bada_1728563157564',0,'{\"top\": 0.24312523007392883, \"toeUp\": 0.7444786429405212, \"finish\": 0.9628244638442992, \"impact\": 0.8323190808296204, \"address\": 0.881835401058197, \"midBackSwing\": 0.7358678579330444, \"midDownSwing\": 0.977910816669464, \"midFollowThrough\": 0.03783812373876572}','백스윙 시 상체가 너무 크게 들렸어요. 머리를 고정하고 클럽을 뒤로 천천히 드는 연습을 해보세요.',67,1.1,'2024-10-10 21:25:57','67점 스윙',1728563157564),(55,1,'2ec328b45a78bada_1728563244042',0,'{\"top\": 0.8320754170417786, \"toeUp\": 0.6342413425445557, \"finish\": 0.9363687038421632, \"impact\": 0.8658342957496643, \"address\": 0.9063674211502076, \"midBackSwing\": 0.778229296207428, \"midDownSwing\": 0.9648998975753784, \"midFollowThrough\": 0.5404541492462158}','백스윙과 다운스윙 궤도가 일정하게 유지되지 못했어요. 상체와 팔의 각도를 유지한 상태로 스윙을 해보세요.',80,1.87,'2024-10-10 21:27:24','80점 스윙',1728563244042),(56,1,'2ec328b45a78bada_1728563306560',0,'{\"top\": 0.7132779359817505, \"toeUp\": 0.2160478234291077, \"finish\": 0.964167594909668, \"impact\": 0.8815047144889832, \"address\": 0.9019691348075868, \"midBackSwing\": 0.7722334265708923, \"midDownSwing\": 0.9784820675849916, \"midFollowThrough\": 0.5586642622947693}','백스윙 시 상체가 너무 크게 들렸어요. 머리를 고정하고 클럽을 뒤로 천천히 드는 연습을 해보세요.',74,2.01,'2024-10-10 21:28:26','74점 스윙',1728563306560),(57,1,'2ec328b45a78bada_1728563361156',0,'{\"top\": 0.9672915935516356, \"toeUp\": 0.42667970061302185, \"finish\": 0.9293671250343324, \"impact\": 0.890079915523529, \"address\": 0.9346845746040344, \"midBackSwing\": 0.851051926612854, \"midDownSwing\": 0.9807656407356262, \"midFollowThrough\": 0.341459721326828}','백스윙 시 상체가 너무 크게 들렸어요. 머리를 고정하고 클럽을 뒤로 천천히 드는 연습을 해보세요.',79,1.15,'2024-10-10 21:29:21','79점 스윙',1728563361156),(58,1,'35ba02373e67989e_1728575921704',0,'{\"top\": 0.961138129234314, \"toeUp\": 0.41288575530052185, \"finish\": 0.8090590834617615, \"impact\": 0.8826940655708313, \"address\": 0.9197145700454712, \"midBackSwing\": 0.8535307049751282, \"midDownSwing\": 0.9882723689079284, \"midFollowThrough\": 0.1703626811504364}','백스윙 시 상체가 너무 크게 들렸어요. 머리를 고정하고 클럽을 뒤로 천천히 드는 연습을 해보세요.',74,1.81,'2024-10-11 00:58:41','74점 스윙',1728575921704),(59,1,'35ba02373e67989e_1728575926676',0,'{\"top\": 0.971836268901825, \"toeUp\": 0.5235768556594849, \"finish\": 0.7181112170219421, \"impact\": 0.8312537670135498, \"address\": 0.8997470140457153, \"midBackSwing\": 0.8795171976089478, \"midDownSwing\": 0.9855468273162842, \"midFollowThrough\": 0.2400604784488678}','백스윙 시 상체가 너무 크게 들렸어요. 머리를 고정하고 클럽을 뒤로 천천히 드는 연습을 해보세요.',75,1.43,'2024-10-11 00:58:46','75점 스윙',1728575926676),(60,1,'35ba02373e67989e_1728575944124',0,'{\"top\": 0.9724555611610411, \"toeUp\": 0.23359668254852295, \"finish\": 0.954571008682251, \"impact\": 0.86609947681427, \"address\": 0.8810949325561523, \"midBackSwing\": 0.8488017320632935, \"midDownSwing\": 0.9811726212501526, \"midFollowThrough\": 0.48462411761283875}','백스윙 시 상체가 너무 크게 들렸어요. 머리를 고정하고 클럽을 뒤로 천천히 드는 연습을 해보세요.',77,2.67,'2024-10-11 00:59:04','77점 스윙',1728575944124),(61,1,'35ba02373e67989e_1728576529701',0,'{\"top\": 0.9590581059455872, \"toeUp\": 0.28765007853507996, \"finish\": 0.9095810055732728, \"impact\": 0.8928425312042236, \"address\": 0.9004993438720703, \"midBackSwing\": 0.8124415278434753, \"midDownSwing\": 0.9849292635917664, \"midFollowThrough\": 0.755305290222168}','백스윙 시 상체가 너무 크게 들렸어요. 머리를 고정하고 클럽을 뒤로 천천히 드는 연습을 해보세요.',81,2.58,'2024-10-11 01:08:49','81점 스윙',1728576529701),(62,1,'35ba02373e67989e_1728576550360',0,'{\"top\": 0.9702579975128174, \"toeUp\": 0.2719729542732239, \"finish\": 0.9279517531394958, \"impact\": 0.8426287770271301, \"address\": 0.8660125732421875, \"midBackSwing\": 0.865283191204071, \"midDownSwing\": 0.9866138100624084, \"midFollowThrough\": 0.7212780117988586}','백스윙 시 상체가 너무 크게 들렸어요. 머리를 고정하고 클럽을 뒤로 천천히 드는 연습을 해보세요.',80,2.88,'2024-10-11 01:09:10','80점 스윙',1728576550360),(63,1,'35ba02373e67989e_1728576578233',0,'{\"top\": 0.9806255102157592, \"toeUp\": 0.5698307156562805, \"finish\": 0.95467209815979, \"impact\": 0.9104231595993042, \"address\": 0.9188472628593444, \"midBackSwing\": 0.8472581505775452, \"midDownSwing\": 0.9869201183319092, \"midFollowThrough\": 0.617173969745636}','백스윙 시 상체가 너무 크게 들렸어요. 머리를 고정하고 클럽을 뒤로 천천히 드는 연습을 해보세요.',84,1.3,'2024-10-11 01:09:38','84점 스윙',1728576578233),(64,1,'35ba02373e67989e_1728577285106',0,'{\"top\": 0.9760926961898804, \"toeUp\": 0.40284407138824463, \"finish\": 0.8459570407867432, \"impact\": 0.8789495229721069, \"address\": 0.9073191285133362, \"midBackSwing\": 0.8683480024337769, \"midDownSwing\": 0.9908340573310852, \"midFollowThrough\": 0.14120575785636902}','백스윙 시 상체가 너무 크게 들렸어요. 머리를 고정하고 클럽을 뒤로 천천히 드는 연습을 해보세요.',75,1.53,'2024-10-11 01:21:25','75점 스윙',1728577285106),(65,1,'35ba02373e67989e_1728577305760',0,'{\"top\": 0.9561605453491212, \"toeUp\": 0.4549718201160431, \"finish\": 0.5454162955284119, \"impact\": 0.8852545022964478, \"address\": 0.9179053902626038, \"midBackSwing\": 0.86628657579422, \"midDownSwing\": 0.9907350540161132, \"midFollowThrough\": 0.4168832004070282}','백스윙 시 상체가 너무 크게 들렸어요. 머리를 고정하고 클럽을 뒤로 천천히 드는 연습을 해보세요.',75,1.66,'2024-10-11 01:21:45','75점 스윙',1728577305760),(66,1,'2ec328b45a78bada_1728577852080',0,'{\"top\": 0.5349633097648621, \"toeUp\": 0.4518745839595794, \"finish\": 0.9409776926040648, \"impact\": 0.8991491794586182, \"address\": 0.8950383067131042, \"midBackSwing\": 0.8630803823471069, \"midDownSwing\": 0.9902200102806092, \"midFollowThrough\": 0.04083137959241867}','백스윙 시 상체가 너무 크게 들렸어요. 머리를 고정하고 클럽을 뒤로 천천히 드는 연습을 해보세요.',70,3.58,'2024-10-11 01:30:52','70점 스윙',1728577852080),(67,1,'2ec328b45a78bada_1728577866991',0,'{\"top\": 0.7543531060218811, \"toeUp\": 0.39986759424209595, \"finish\": 0.9657582640647888, \"impact\": 0.8899378180503845, \"address\": 0.9086343050003052, \"midBackSwing\": 0.8660807609558105, \"midDownSwing\": 0.9884284138679504, \"midFollowThrough\": 0.061200354248285294}','백스윙 시 상체가 너무 크게 들렸어요. 머리를 고정하고 클럽을 뒤로 천천히 드는 연습을 해보세요.',72,3.13,'2024-10-11 01:31:06','72점 스윙',1728577866991),(69,1,'2ec328b45a78bada_1728578194627',0,'{\"top\": 0.9809885621070862, \"toeUp\": 0.32344239950180054, \"finish\": 0.9735404849052428, \"impact\": 0.8831394910812378, \"address\": 0.905161440372467, \"midBackSwing\": 0.8525166511535645, \"midDownSwing\": 0.987335205078125, \"midFollowThrough\": 0.06749352812767029}','백스윙 시 상체가 너무 크게 들렸어요. 머리를 고정하고 클럽을 뒤로 천천히 드는 연습을 해보세요.',74,2.78,'2024-10-11 01:36:34','74점 스윙',1728578194627),(70,1,'2ec328b45a78bada_1728608436278',0,'{\"top\": 0.9647926688194276, \"toeUp\": 0.3150501251220703, \"finish\": 0.9584198594093324, \"impact\": 0.8722215294837952, \"address\": 0.9265962839126588, \"midBackSwing\": 0.8403328657150269, \"midDownSwing\": 0.9877859354019164, \"midFollowThrough\": 0.3045370280742645}','백스윙과 다운스윙 궤도가 일정하게 유지되지 못했어요. 상체와 팔의 각도를 유지한 상태로 스윙을 해보세요.',77,2.6,'2024-10-11 10:00:36','77점 스윙',1728608436278),(71,1,'2ec328b45a78bada_1728608465064',0,'{\"top\": 0.9617792963981628, \"toeUp\": 0.33268633484840393, \"finish\": 0.9442802667617798, \"impact\": 0.8507373332977295, \"address\": 0.9293060898780824, \"midBackSwing\": 0.8228195309638977, \"midDownSwing\": 0.987108051776886, \"midFollowThrough\": 0.5295841097831726}','백스윙 시 상체가 너무 크게 들렸어요. 머리를 고정하고 클럽을 뒤로 천천히 드는 연습을 해보세요.',79,1.62,'2024-10-11 10:01:05','79점 스윙',1728608465064);
/*!40000 ALTER TABLE `swing` ENABLE KEYS */;
UNLOCK TABLES;

--
-- Table structure for table `user`
--

DROP TABLE IF EXISTS `user`;
/*!40101 SET @saved_cs_client     = @@character_set_client */;
/*!50503 SET character_set_client = utf8mb4 */;
CREATE TABLE `user` (
  `id` bigint NOT NULL AUTO_INCREMENT,
  `name` varchar(30) NOT NULL,
  `email` varchar(30) NOT NULL,
  `password` char(60) NOT NULL,
  `profile_url` text NOT NULL DEFAULT (_utf8mb4'https://goodshot-bucket.s3.ap-northeast-2.amazonaws.com/goodshot/default_profile.webp'),
  `exit_status` tinyint NOT NULL DEFAULT '0',
  `role` varchar(10) NOT NULL DEFAULT 'ROLE_USER',
  PRIMARY KEY (`id`),
  UNIQUE KEY `uk_email` (`email`)
) ENGINE=InnoDB AUTO_INCREMENT=6 DEFAULT CHARSET=utf8mb4 COLLATE=utf8mb4_0900_ai_ci;
/*!40101 SET character_set_client = @saved_cs_client */;

--
-- Dumping data for table `user`
--

LOCK TABLES `user` WRITE;
/*!40000 ALTER TABLE `user` DISABLE KEYS */;
INSERT INTO `user` VALUES (1,'신영민','a','$2a$10$E6BzjoWkilZcNDptk3rAyuCRaPg9VyJE4.yuzRDptnQi8/6RXLrla','https://goodshot-bucket.s3.ap-northeast-2.amazonaws.com/goodshot/fe61e0b0-6361-41b8-be2d-8ae072e393bf.png',0,'ROLE_USER'),(4,'테스트','test@naver.com','$2a$10$bG4nxMnwsJgX6Ozj3TLsQu9TKLkTCtKrT1AIGPvPEO7a2aaoUdUIq','https://goodshot-bucket.s3.ap-northeast-2.amazonaws.com/goodshot/default_profile.webp',0,'ROLE_USER'),(5,'정민선','b','$2a$10$wlRY9q5K.wppqxUs3XHcqunN5r7BI33ZAf.fUnrtGy4JXNUqffG.i','https://goodshot-bucket.s3.ap-northeast-2.amazonaws.com/goodshot/default_profile.webp',0,'ROLE_USER');
/*!40000 ALTER TABLE `user` ENABLE KEYS */;
UNLOCK TABLES;
/*!40103 SET TIME_ZONE=@OLD_TIME_ZONE */;

/*!40101 SET SQL_MODE=@OLD_SQL_MODE */;
/*!40014 SET FOREIGN_KEY_CHECKS=@OLD_FOREIGN_KEY_CHECKS */;
/*!40014 SET UNIQUE_CHECKS=@OLD_UNIQUE_CHECKS */;
/*!40101 SET CHARACTER_SET_CLIENT=@OLD_CHARACTER_SET_CLIENT */;
/*!40101 SET CHARACTER_SET_RESULTS=@OLD_CHARACTER_SET_RESULTS */;
/*!40101 SET COLLATION_CONNECTION=@OLD_COLLATION_CONNECTION */;
/*!40111 SET SQL_NOTES=@OLD_SQL_NOTES */;

-- Dump completed on 2024-10-11 10:23:18
